City_ID,City,Country,Lat,Lng,Max Temp,Humidity,Cloudiness,Wind Speed,Weather Description
0,Gatton,AU,-27.55,152.2833,56.34,62,100,2.46,overcast clouds
1,Springdale,US,36.1867,-94.1288,68.49,66,40,9.22,scattered clouds
2,Mogadishu,SO,2.0371,45.3438,78.33,84,86,14.03,overcast clouds
3,Vestmannaeyjar,IS,63.4427,-20.2734,45.45,87,100,36.08,moderate rain
4,Tukrah,LY,32.5341,20.5791,70.32,74,31,20.54,scattered clouds
5,Riyadh,SA,24.6877,46.7219,91.45,19,0,0.0,clear sky
6,Punta Arenas,CL,-53.15,-70.9167,35.71,55,40,19.08,scattered clouds
7,Tanout,NE,14.9709,8.8879,88.54,19,48,6.22,scattered clouds
8,Puerto Escondido,MX,15.85,-97.0667,86.83,66,75,5.75,broken clouds
9,Kavieng,PG,-2.5744,150.7967,82.74,80,89,16.69,light rain
10,Souillac,MU,-20.5167,57.5167,74.35,94,40,7.18,light rain
11,Port Blair,IN,11.6667,92.75,80.92,83,100,5.17,overcast clouds
12,Puerto Ayora,EC,-0.7393,-90.3518,82.36,87,48,10.0,scattered clouds
13,Grindavik,IS,63.8424,-22.4338,46.35,87,90,38.1,moderate rain
14,Dolores,AR,-36.3132,-57.6792,42.51,57,4,9.04,clear sky
15,Leningradskiy,RU,69.3833,178.4167,35.51,94,53,6.67,broken clouds
16,Avarua,CK,-21.2078,-159.775,77.05,61,20,6.91,few clouds
17,East London,ZA,-33.0153,27.9116,59.74,81,57,16.24,moderate rain
18,Jamestown,US,42.097,-79.2353,53.19,84,90,7.0,overcast clouds
19,Bambous Virieux,MU,-20.3428,57.7575,74.21,94,40,5.82,light rain
20,Faanui,PF,-16.4833,-151.75,79.95,68,21,7.25,few clouds
21,Burnie,AU,-41.0667,145.9167,37.92,81,32,3.78,scattered clouds
22,Albany,US,42.6001,-73.9662,53.15,71,100,3.51,overcast clouds
23,Lorengau,PG,-2.0226,147.2712,81.79,83,64,12.53,broken clouds
24,Bluff,NZ,-46.6,168.3333,49.8,89,100,22.46,overcast clouds
25,Port Elizabeth,ZA,-33.918,25.5701,55.69,94,75,3.44,light rain
26,Cape Town,ZA,-33.9258,18.4232,57.11,90,20,1.57,few clouds
27,Mataura,NZ,-46.1927,168.8643,49.48,95,100,3.8,overcast clouds
28,College,US,64.8569,-147.8028,52.47,41,75,1.99,broken clouds
29,Rikitea,PF,-23.1203,-134.9692,76.95,86,96,20.65,overcast clouds
30,Esperance,AU,-33.8667,121.9,62.44,86,93,14.61,light rain
31,Zemaiciu Naumiestis,LT,55.3592,21.7022,43.92,87,10,7.34,clear sky
32,Innisfail,AU,-17.5333,146.0333,67.32,83,59,5.35,broken clouds
33,Lerwick,GB,60.1545,-1.1494,42.8,89,9,2.1,clear sky
34,Mezen,RU,65.8522,44.24,32.63,88,98,10.89,overcast clouds
35,San Patricio,US,28.017,-97.5169,83.84,68,56,8.97,broken clouds
36,Saint-Augustin,CA,51.226,-58.6502,55.0,43,87,13.35,overcast clouds
37,Isangel,VU,-19.55,169.2667,71.71,78,20,2.46,few clouds
38,Qaanaaq,GL,77.484,-69.3632,30.4,94,57,6.55,broken clouds
39,Kaitangata,NZ,-46.2817,169.8464,49.55,94,100,10.58,light rain
40,Omsukchan,RU,62.5333,155.8,35.89,77,97,7.14,overcast clouds
41,Fomboni,KM,-12.28,43.7425,79.05,72,10,9.17,clear sky
42,Pevek,RU,69.7008,170.3133,42.31,55,0,11.14,clear sky
43,Bredasdorp,ZA,-34.5322,20.0403,54.72,88,36,2.66,scattered clouds
44,Mazyr,BY,52.0495,29.2456,52.38,95,100,7.9,overcast clouds
45,Arkhara,RU,49.4212,130.0842,52.41,90,100,5.35,moderate rain
46,Hobart,AU,-42.8794,147.3294,47.26,78,75,3.0,broken clouds
47,Busselton,AU,-33.65,115.3333,54.09,86,97,20.38,light rain
48,Mar Del Plata,AR,-38.0023,-57.5575,47.12,63,40,11.99,scattered clouds
49,San Juan,AR,-31.5375,-68.5364,68.72,41,100,6.67,overcast clouds
50,Vanavara,RU,60.34,102.2797,33.6,89,72,5.46,broken clouds
51,Yeppoon,AU,-23.1333,150.7333,60.58,66,85,12.91,overcast clouds
52,Tiznit,MA,29.5833,-9.5,80.26,33,100,5.3,overcast clouds
53,Visnes,NO,59.3556,5.2242,50.83,87,90,14.97,overcast clouds
54,Ponta Do Sol,PT,32.6667,-17.1,69.71,73,39,6.42,scattered clouds
55,Atuona,PF,-9.8,-139.0333,78.94,72,13,9.17,few clouds
56,Muros,ES,42.7762,-9.0603,63.68,76,100,11.59,overcast clouds
57,Kavaratti,IN,10.5669,72.642,83.16,75,91,15.9,overcast clouds
58,Lewisville,US,33.0462,-96.9942,85.82,59,75,5.01,broken clouds
59,Vardo,NO,70.3705,31.1107,39.16,84,78,9.51,broken clouds
60,Borogontsy,RU,62.6683,131.1683,54.03,79,100,4.09,light rain
61,Jumla,NP,29.2747,82.1838,57.74,87,100,2.46,overcast clouds
62,Namibe,AO,-15.1961,12.1522,72.45,70,0,4.27,clear sky
63,Butaritari,KI,3.0707,172.7902,82.49,79,100,14.74,light rain
64,Muroto,JP,33.2833,134.15,62.64,67,96,6.49,overcast clouds
65,Boyolangu,ID,-8.1181,111.8935,75.09,92,83,2.08,broken clouds
66,Muisne,EC,0.6,-80.0333,82.51,82,70,8.93,broken clouds
67,Mayumba,GA,-3.432,10.6554,76.82,91,55,6.26,broken clouds
68,Kapaa,US,22.0752,-159.319,82.47,68,20,1.99,few clouds
69,Lebu,CL,-37.6167,-73.65,50.16,74,58,7.78,broken clouds
70,Hasaki,JP,35.7333,140.8333,68.29,82,99,11.05,overcast clouds
71,Iwaki,JP,37.05,140.8833,66.02,66,100,1.99,overcast clouds
72,Port Alfred,ZA,-33.5906,26.891,59.56,76,96,14.25,light rain
73,Synya,RU,65.3718,58.0387,36.63,88,100,3.36,overcast clouds
74,Palimbang,PH,6.2106,124.1894,79.48,81,98,3.65,overcast clouds
75,Saint-Louis,SN,16.3333,-15.0,91.04,44,6,17.54,clear sky
76,Chuy,UY,-33.6971,-53.4616,48.51,60,29,12.48,scattered clouds
77,Yellowknife,CA,62.456,-114.3525,54.32,35,75,3.0,broken clouds
78,Hilo,US,19.7297,-155.09,81.81,72,20,11.5,few clouds
79,Dwarka,IN,22.2394,68.9678,82.96,80,81,13.4,broken clouds
80,Hithadhoo,MV,-0.6,73.0833,83.48,72,34,18.7,scattered clouds
81,Ahipara,NZ,-35.1667,173.1667,56.64,76,91,11.3,overcast clouds
82,Airai,TL,-8.9266,125.4092,54.93,89,46,1.97,scattered clouds
83,Kalispell,US,48.1958,-114.3129,65.77,43,20,3.0,few clouds
84,Bethel,US,41.3712,-73.414,49.19,85,100,3.0,overcast clouds
85,Tura,IN,25.5198,90.2201,72.46,92,29,4.36,scattered clouds
86,Arraial Do Cabo,BR,-22.9661,-42.0278,78.66,78,0,3.44,clear sky
87,Ushuaia,AR,-54.8,-68.3,29.86,93,75,21.85,light snow
88,Yulara,AU,-25.2406,130.9889,44.44,70,99,5.75,overcast clouds
89,Talnakh,RU,69.4865,88.3972,24.75,98,92,3.47,overcast clouds
90,Olafsvik,IS,64.8945,-23.7142,44.22,92,100,31.05,moderate rain
91,Maragogi,BR,-9.0122,-35.2225,76.12,78,17,7.49,few clouds
92,Vaini,TO,-21.2,-175.2,75.36,94,75,0.0,light rain
93,Oistins,BB,13.0667,-59.5333,84.29,58,40,17.27,scattered clouds
94,Kontagora,NG,10.3999,5.4695,82.58,61,42,5.7,scattered clouds
95,Knysna,ZA,-34.0363,23.0471,57.58,87,58,9.93,light rain
96,Bengkulu,ID,-3.8004,102.2655,75.33,86,96,4.05,overcast clouds
97,Castro,BR,-24.7911,-50.0119,67.55,69,57,4.92,broken clouds
98,Camacha,PT,33.0833,-16.3333,63.82,72,75,13.8,broken clouds
99,Porto Santo,PT,33.072,-16.3415,66.58,72,75,13.8,broken clouds
100,Benguela,AO,-12.5763,13.4055,74.98,71,12,2.86,few clouds
101,Dunedin,NZ,-45.8742,170.5036,49.8,96,100,12.06,overcast clouds
102,New Norfolk,AU,-42.7826,147.0587,46.92,77,31,3.42,scattered clouds
103,Reconquista,AR,-29.15,-59.65,57.29,47,0,7.43,clear sky
104,San Quintin,MX,30.4833,-115.95,64.69,66,2,22.64,clear sky
105,Cherskiy,RU,68.75,161.3,55.58,37,16,13.6,few clouds
106,Pinawa,CA,50.1489,-95.8811,65.08,56,67,14.43,broken clouds
107,Green River,US,41.5286,-109.4662,70.2,29,100,15.59,overcast clouds
108,Comodoro Rivadavia,AR,-45.8667,-67.5,48.06,46,0,6.91,clear sky
109,Tonstad,NO,58.6626,6.7169,50.36,62,7,5.77,clear sky
110,Hermanus,ZA,-34.4187,19.2345,56.89,82,56,5.91,broken clouds
111,Mount Gambier,AU,-37.8333,140.7667,31.91,100,75,3.44,broken clouds
112,Ostrovnoy,RU,68.0531,39.5131,35.02,80,100,14.67,overcast clouds
113,Cayenne,GF,4.9333,-52.3333,81.09,86,75,3.0,broken clouds
114,Morden,CA,49.1919,-98.1014,77.43,17,49,10.36,scattered clouds
115,Aksarka,RU,66.5606,67.7975,38.62,76,9,8.1,clear sky
116,Saint-Philippe,RE,-21.3585,55.7679,69.35,81,16,5.14,few clouds
117,Georgetown,MY,5.4112,100.3354,81.9,87,20,5.01,few clouds
118,Sobolevo,RU,54.4299,31.8996,47.73,96,84,9.89,broken clouds
119,Afsin,TR,38.2477,36.914,56.3,59,1,2.93,clear sky
120,Rudnogorsk,RU,57.2639,103.7519,32.85,79,100,4.94,overcast clouds
121,Bani Walid,LY,31.7566,13.9942,70.02,65,25,8.48,scattered clouds
122,Saskylakh,RU,71.9167,114.0833,33.53,90,81,8.61,broken clouds
123,Carnarvon,AU,-24.8667,113.6333,57.27,100,3,6.91,clear sky
124,Luderitz,NA,-26.6481,15.1594,60.01,66,32,14.43,scattered clouds
125,San Lazaro,BZ,18.0387,-88.6622,89.38,47,78,8.61,broken clouds
126,Hovin,NO,63.1055,10.225,54.84,71,4,0.78,clear sky
127,Itaituba,BR,-4.2761,-55.9836,82.56,83,40,2.3,scattered clouds
128,Khonsa,IN,27.0167,95.5667,65.59,98,45,3.24,scattered clouds
129,Rehoboth,NA,-23.3167,17.0833,58.14,31,16,1.86,few clouds
130,Selikhino,RU,50.3672,137.4996,52.57,67,100,9.28,overcast clouds
131,Clyde River,CA,70.4692,-68.5914,32.23,80,20,4.61,few clouds
132,Kuryk,KZ,43.2,51.65,68.7,67,2,5.39,clear sky
133,Sabha,LY,27.0377,14.4283,93.11,10,0,9.64,clear sky
134,Sioux Lookout,CA,50.1001,-91.917,68.07,26,75,13.8,broken clouds
135,San Antonio,US,29.4241,-98.4936,86.77,57,40,5.75,scattered clouds
136,Kranuan,TH,16.7067,103.0788,82.42,81,100,8.28,overcast clouds
137,Hofn,IS,64.2539,-15.2082,45.64,87,100,17.92,overcast clouds
138,Pervomayskoye,RU,43.919,46.7102,70.48,68,99,5.61,overcast clouds
139,Klaksvik,FO,62.2266,-6.589,47.32,82,22,11.61,few clouds
140,Provideniya,RU,64.3833,-173.3,45.97,45,4,10.38,clear sky
141,Caetite,BR,-14.0694,-42.475,68.95,44,74,5.61,broken clouds
142,Vakhrushev,RU,48.9833,142.9667,38.68,97,100,18.79,overcast clouds
143,Nioro,GM,13.35,-15.75,82.02,44,48,9.06,scattered clouds
144,Bonoua,CI,5.2741,-3.595,83.82,88,67,4.88,broken clouds
145,Fare,PF,-16.7,-151.0167,79.86,69,23,8.84,few clouds
146,Constitucion,CL,-35.3333,-72.4167,54.03,75,98,10.27,overcast clouds
147,Bandarbeyla,SO,9.4942,50.8122,79.59,82,79,24.72,broken clouds
148,Tevriz,RU,57.509,72.4042,54.91,86,33,5.08,scattered clouds
149,Ojinaga,MX,29.5667,-104.4167,99.57,28,40,12.66,scattered clouds
150,Codrington,AU,-38.2667,141.9667,39.65,95,7,7.0,clear sky
151,Iracoubo,GF,5.4802,-53.2011,78.21,88,76,9.78,broken clouds
152,Tiksi,RU,71.6872,128.8694,32.52,94,83,10.45,broken clouds
153,San Lawrenz,MT,36.0553,14.204,67.86,82,50,3.78,scattered clouds
154,Mahebourg,MU,-20.4081,57.7,74.25,94,40,3.44,light rain
155,Henties Bay,NA,-22.116,14.2845,57.85,82,52,7.4,broken clouds
156,Jacksonville,US,30.3322,-81.6556,93.42,51,75,4.85,broken clouds
157,Zhangye,CN,38.9342,100.4517,63.61,38,11,8.5,few clouds
158,Fortuna,US,40.5982,-124.1573,80.19,78,40,4.0,scattered clouds
159,Vila Do Maio,CV,15.1333,-23.2167,74.19,82,34,18.88,scattered clouds
160,Belaya Gora,RU,68.5333,146.4167,55.99,39,0,18.32,clear sky
161,Gibara,CU,21.1097,-76.1317,74.52,74,33,12.66,scattered clouds
162,Jiexiu,CN,37.0244,111.9125,67.73,42,28,5.75,scattered clouds
163,Kanlagay,PH,5.8757,121.2915,80.8,77,99,2.82,overcast clouds
164,Kashira,RU,54.8444,38.1669,55.87,95,100,15.57,light rain
165,Valente,BR,-11.4122,-39.4619,73.17,61,89,8.1,overcast clouds
166,Sao Jose Da Coroa Grande,BR,-8.8978,-35.1478,76.41,78,18,8.01,few clouds
167,Keti Bandar,PK,24.1447,67.4497,83.34,82,19,17.92,few clouds
168,Ambon,ID,-3.6954,128.1814,77.14,94,40,6.53,scattered clouds
169,Benjamin Hill,MX,30.1667,-111.1,91.27,8,30,16.91,scattered clouds
170,Arman,RU,59.7,150.1667,37.2,96,100,1.77,overcast clouds
171,Torbay,CA,47.6666,-52.7314,45.88,74,75,12.66,broken clouds
172,Raudeberg,NO,61.9875,5.1352,51.19,90,15,6.11,few clouds
173,Aksarayskiy,RU,46.7924,48.0119,67.98,55,10,6.98,clear sky
174,Susehri,TR,40.1644,38.0867,53.62,78,6,5.64,clear sky
175,Aklavik,CA,68.2191,-135.0107,33.8,64,90,6.91,overcast clouds
176,Gizo,SB,-8.103,156.8419,80.02,81,100,5.08,light rain
177,Ardmore,US,34.1743,-97.1436,78.58,56,40,4.0,scattered clouds
178,Williston,US,48.147,-103.618,72.01,29,74,5.99,broken clouds
179,Ancud,CL,-41.8697,-73.8203,49.23,80,97,5.77,overcast clouds
180,Port-Gentil,GA,-0.7193,8.7815,80.56,89,90,10.36,overcast clouds
181,Khani,GE,41.9563,42.9566,53.17,95,100,1.05,overcast clouds
182,Ust-Nera,RU,64.5667,143.2,41.68,97,100,3.51,overcast clouds
183,Ribeira Grande,PT,38.5167,-28.7,64.22,80,44,6.85,scattered clouds
184,Deer Lake,CA,49.1667,-57.4316,55.26,44,40,5.75,scattered clouds
185,Kruisfontein,ZA,-34.0033,24.7314,52.88,89,49,11.1,moderate rain
186,Carauari,BR,-4.8828,-66.8958,79.45,84,97,1.19,overcast clouds
187,Brae,GB,60.3964,-1.353,42.71,88,2,2.59,clear sky
188,Cidreira,BR,-30.1811,-50.2056,59.72,73,0,11.39,clear sky
189,Lujiang,CN,31.2581,117.2817,71.96,94,99,7.05,overcast clouds
190,Aswan,EG,24.0934,32.907,89.73,22,98,18.45,overcast clouds
191,Adrar,MR,20.5022,-10.0711,94.69,11,88,10.74,overcast clouds
192,Khatanga,RU,71.9667,102.5,39.61,75,97,8.84,overcast clouds
193,Mogwase,ZA,-25.185,27.2665,54.79,26,18,6.55,few clouds
194,Kudahuvadhoo,MV,2.6708,72.8944,83.95,71,96,21.03,overcast clouds
195,Pechenga,RU,69.5259,31.1703,40.06,93,77,10.71,broken clouds
196,Ayagoz,KZ,47.9714,80.4392,47.07,60,0,9.75,clear sky
197,Aden,YE,12.7794,45.0367,91.2,50,46,2.53,scattered clouds
198,Barrow,US,71.2906,-156.7887,28.42,86,90,11.5,overcast clouds
199,Porto Walter,BR,-8.2686,-72.7439,83.64,62,25,2.75,scattered clouds
200,Kamenka,RU,51.3223,42.7678,60.22,93,75,5.28,broken clouds
201,Nantucket,US,41.2835,-70.0995,48.96,89,90,18.41,overcast clouds
202,Pak Chong,TH,14.708,101.4161,74.23,93,57,3.11,broken clouds
203,Vermilion,US,40.1667,-87.7506,65.26,42,1,5.01,clear sky
204,Tuktoyaktuk,CA,69.4541,-133.0374,30.2,80,90,10.36,overcast clouds
205,Quelimane,MZ,-17.8786,36.8883,71.55,83,0,4.61,clear sky
206,Chokurdakh,RU,70.6333,147.9167,56.26,37,6,13.42,clear sky
207,Coihaique,CL,-45.5752,-72.0662,42.75,70,75,0.0,broken clouds
208,Gasa,PS,31.5,34.4667,72.91,78,0,1.32,clear sky
209,Chicomuselo,MX,15.7667,-92.2667,87.22,50,100,4.54,overcast clouds
210,Norman Wells,CA,65.282,-126.8329,39.24,75,75,11.5,light rain
211,Nouadhibou,MR,20.931,-17.0347,66.18,88,0,20.71,clear sky
212,Suntar,RU,62.1444,117.6319,58.93,56,19,5.57,few clouds
213,Svetlyy,RU,54.675,20.1347,48.25,80,43,9.82,scattered clouds
214,Panama City,PA,8.9936,-79.5197,80.06,91,40,4.61,scattered clouds
215,Bow Island,CA,49.8668,-111.3684,66.99,31,85,6.91,overcast clouds
216,Nurma,RU,59.55,31.0167,46.45,80,1,4.83,clear sky
217,Papara,BR,-3.9839,-38.7273,82.72,91,14,3.27,few clouds
218,Kodiak,US,57.79,-152.4072,47.71,87,90,9.22,moderate rain
219,Tando Adam,PK,25.7637,68.661,86.05,57,23,17.13,few clouds
220,Tazovskiy,RU,67.4667,78.7,39.99,64,99,19.39,light rain
221,Mirnyy,RU,62.5353,113.9611,52.05,85,82,7.9,broken clouds
222,Sibu,MY,2.3,111.8167,73.71,100,40,1.99,scattered clouds
223,Vila Franca Do Campo,PT,37.7167,-25.4333,64.81,85,52,6.11,broken clouds
224,Thompson,CA,55.7435,-97.8558,53.76,76,90,11.5,overcast clouds
225,Areosa,PT,41.7178,-8.8571,67.32,85,59,8.68,broken clouds
226,Havoysund,NO,70.9963,24.6622,41.88,89,100,26.24,overcast clouds
227,Istria,RO,44.5667,28.7167,64.81,68,51,3.89,broken clouds
228,Narsaq,GL,60.9167,-46.05,44.82,85,100,4.94,overcast clouds
229,Saint George,US,37.1041,-113.5841,95.47,10,1,1.99,clear sky
230,Sorland,NO,67.667,12.6934,44.02,76,100,7.81,overcast clouds
231,Tuatapere,NZ,-46.1333,167.6833,49.82,92,100,8.93,light rain
232,Olga,RU,43.7444,135.2892,46.35,99,100,2.08,light rain
233,Madisonville,US,37.3281,-87.4989,57.92,77,100,5.99,overcast clouds
234,Goderich,CA,43.7501,-81.7165,61.21,47,9,18.41,clear sky
235,Lavrentiya,RU,65.5833,-171.0,33.71,82,6,7.65,clear sky
236,Tautira,PF,-17.7333,-149.15,84.22,72,100,13.78,overcast clouds
237,Longyearbyen,SJ,78.2186,15.6401,33.64,69,75,6.91,broken clouds
238,Upernavik,GL,72.7868,-56.1549,31.41,93,100,16.69,overcast clouds
239,Fairbanks,US,64.8378,-147.7164,53.1,42,40,13.8,scattered clouds
240,Sakakah,SA,29.9697,40.2064,89.17,16,5,5.21,clear sky
241,Puerto Maldonado,PE,-12.6,-69.1833,82.13,62,65,1.28,broken clouds
242,Tawang,IN,27.5833,91.8667,52.75,96,95,1.19,overcast clouds
243,Busayra,JO,30.7376,35.6078,61.54,56,0,3.8,clear sky
244,Nanortalik,GL,60.1432,-45.2371,36.82,87,100,5.99,overcast clouds
245,Severo-Kurilsk,RU,50.6789,156.125,41.43,89,100,9.42,overcast clouds
246,Liusha,CN,27.2098,108.59,59.13,96,91,2.93,overcast clouds
247,Lata,PT,40.1629,-8.3327,63.05,97,2,1.99,clear sky
248,Devrek,TR,41.2192,31.9558,60.53,96,100,3.76,overcast clouds
249,Salalah,OM,17.0151,54.0924,84.29,89,75,8.05,broken clouds
250,North Bend,US,43.4065,-124.2243,78.94,68,1,14.97,clear sky
251,Shakawe,BW,-18.3667,21.85,54.77,31,0,3.44,clear sky
252,Krutinka,RU,56.0055,71.5113,56.48,56,4,10.33,clear sky
253,Khilok,RU,51.3674,110.4676,38.64,61,51,3.51,broken clouds
254,Barcelona,ES,41.3888,2.159,76.33,50,0,1.01,clear sky
255,Wilmington,US,34.2257,-77.9447,79.93,76,97,1.01,overcast clouds
256,Herat,AF,34.5,62.0,77.25,20,0,12.24,clear sky
257,Kenora,CA,49.8167,-94.4337,63.79,43,75,13.8,broken clouds
258,Betsiamites,CA,48.9413,-68.646,53.69,54,5,3.22,clear sky
259,Skerries,IE,53.5828,-6.1083,55.0,87,44,4.97,scattered clouds
260,Cherusti,RU,55.5498,40.0107,50.41,96,100,12.17,light rain
261,Cedar City,US,37.6775,-113.0619,79.39,10,1,3.44,clear sky
262,Puerto Concordia,CO,2.6221,-72.7572,78.58,93,92,2.82,overcast clouds
263,Piranshahr,IR,36.701,45.1413,59.9,32,0,6.06,clear sky
264,Hobyo,SO,5.3505,48.5268,78.58,82,85,21.09,overcast clouds
265,Marawi,PH,7.9986,124.2928,69.66,94,100,1.1,overcast clouds
266,Coquimbo,CL,-29.9533,-71.3436,58.73,88,0,7.45,clear sky
267,Kupang,ID,-10.1667,123.5833,73.98,88,20,4.61,few clouds
268,Chingirlau,KZ,51.095,54.0814,63.52,82,49,6.71,scattered clouds
269,Nishihara,JP,26.1842,127.7558,69.46,94,75,17.98,broken clouds
270,Weligama,LK,5.9667,80.4167,79.25,85,70,14.72,broken clouds
271,Mucuri,BR,-18.0864,-39.5508,76.66,84,99,12.55,overcast clouds
272,Chagoda,RU,59.164,35.3285,36.48,75,1,5.35,clear sky
273,Sao Filipe,CV,14.8961,-24.4956,74.53,75,8,15.19,clear sky
274,Beloye,UA,48.4952,39.0505,61.74,93,100,6.17,light rain
275,Pocone,BR,-16.2567,-56.6228,83.64,32,88,4.25,overcast clouds
276,Eureka,US,40.8021,-124.1637,77.67,77,29,4.0,scattered clouds
277,Talcahuano,CL,-36.7167,-73.1167,56.88,62,40,9.22,scattered clouds
278,Sinnamary,GF,5.3833,-52.95,78.4,87,80,10.16,broken clouds
279,Craig,US,40.5153,-107.5464,78.75,17,1,6.91,clear sky
280,Los Llanos De Aridane,ES,28.6585,-17.9182,65.95,91,0,11.95,clear sky
281,Sri Aman,MY,1.2376,111.4621,73.45,100,91,0.0,overcast clouds
282,Hamilton,US,39.1834,-84.5333,58.39,74,90,3.0,overcast clouds
283,Samarai,PG,-10.6167,150.6667,78.53,78,96,13.65,overcast clouds
284,Hattiesburg,US,31.3271,-89.2903,84.52,52,40,9.22,scattered clouds
285,Neuquen,AR,-38.9516,-68.0591,51.69,46,0,14.97,clear sky
286,Karasjok,NO,69.4719,25.5112,42.91,72,95,18.57,overcast clouds
287,Brumadinho,BR,-20.1433,-44.1997,79.88,56,100,2.39,overcast clouds
288,Naron,ES,43.5167,-8.1528,60.6,93,91,8.97,overcast clouds
289,Kenai,US,60.5544,-151.2583,50.02,88,90,13.8,light rain
290,Bonavista,CA,48.6499,-53.1147,46.4,84,30,9.91,scattered clouds
291,Strezhevoy,RU,60.7333,77.5889,51.78,66,100,10.45,overcast clouds
292,Vanimo,PG,-2.6741,141.3028,79.2,88,100,3.71,heavy intensity rain
293,Lagoa,PT,39.05,-27.9833,63.19,80,50,7.11,scattered clouds
294,Mezhdurechensk,RU,53.6942,88.0603,35.33,90,9,2.1,clear sky
295,Oxbow,CA,49.2333,-102.1676,67.95,44,59,13.06,broken clouds
296,Barra Do Garcas,BR,-15.89,-52.2567,78.04,52,56,4.25,broken clouds
297,Kahului,US,20.8947,-156.47,82.85,65,40,14.97,scattered clouds
298,Kuytun,RU,54.3419,101.5036,35.33,76,100,8.14,overcast clouds
299,Cabedelo,BR,-6.9811,-34.8339,79.47,77,5,12.19,clear sky
300,Guerrero Negro,MX,27.9769,-114.0611,67.1,63,68,21.59,broken clouds
301,Katsuura,JP,35.1333,140.3,70.11,79,99,5.26,overcast clouds
302,Bilma,NE,18.6853,12.9164,91.17,8,37,6.38,scattered clouds
303,Alofi,NU,-19.0595,-169.9187,80.49,89,45,5.75,moderate rain
304,Alasehir,TR,38.3508,28.5172,60.35,76,0,2.04,clear sky
305,Jakar,BT,27.5492,90.7525,55.92,98,100,0.27,overcast clouds
306,Makakilo City,US,21.3469,-158.0858,82.15,57,1,12.66,clear sky
307,Soligalich,RU,59.0778,42.2864,39.02,80,87,8.75,overcast clouds
308,Port Hardy,CA,50.6996,-127.4199,57.38,62,75,3.44,broken clouds
309,Tasiilaq,GL,65.6145,-37.6368,39.36,93,100,12.73,overcast clouds
310,Conakry,GN,9.538,-13.6773,82.47,78,20,9.22,light rain
311,Concepcion Del Uruguay,AR,-32.4825,-58.2372,51.82,66,1,7.18,clear sky
312,Matamoros,MX,25.5333,-103.25,95.11,29,40,16.69,scattered clouds
313,Muchkapskiy,RU,51.8513,42.4717,60.04,91,100,4.9,overcast clouds
314,Buala,SB,-8.145,159.5921,78.67,86,97,1.97,light rain
315,Kampot,KH,10.6167,104.1833,78.85,86,39,4.38,scattered clouds
316,Alugan,PH,12.2188,125.4808,79.21,89,87,4.21,overcast clouds
317,Kindu,CD,-2.95,25.95,72.99,73,77,2.8,broken clouds
318,Boa Vista,BR,2.8197,-60.6733,82.38,78,75,6.91,moderate rain
319,Sitka,US,57.0531,-135.33,55.29,54,40,18.41,scattered clouds
320,Tiruchchendur,IN,8.4833,78.1167,82.0,72,94,8.63,overcast clouds
321,Ono,JP,34.85,134.9333,65.66,71,31,2.42,scattered clouds
322,Ilulissat,GL,69.2167,-51.1,59.02,20,39,16.11,scattered clouds
323,Victoria,HK,22.2855,114.1577,85.96,90,96,1.01,overcast clouds
324,Zhezkazgan,KZ,47.8043,67.7144,70.23,49,53,4.61,broken clouds
325,Anloga,GH,5.7947,0.8973,84.42,79,94,9.57,overcast clouds
326,Okakarara,NA,-20.5833,17.4333,56.7,28,5,5.1,clear sky
327,Nalut,LY,30.3333,10.85,89.94,13,97,6.98,overcast clouds
328,Waddan,LY,29.1614,16.139,86.0,28,59,10.36,broken clouds
329,Ambilobe,MG,-13.2,49.05,69.6,90,0,3.11,clear sky
330,Dikson,RU,73.5069,80.5464,16.59,98,48,4.9,scattered clouds
331,Yar-Sale,RU,66.8333,70.8333,42.85,73,60,8.68,broken clouds
332,Krasnoselkup,RU,65.7,82.4667,37.87,56,12,11.63,few clouds
333,Takhtamygda,RU,54.1,123.5667,49.19,69,15,3.44,few clouds
334,Dickinson,US,29.4608,-95.0513,92.21,58,1,7.83,clear sky
335,La Romana,DO,18.4273,-68.9728,83.93,83,40,9.22,scattered clouds
336,Manaus,BR,-3.1019,-60.025,79.3,89,75,4.61,moderate rain
337,Acapulco,MX,16.8634,-99.8901,91.22,62,90,9.22,overcast clouds
338,Gold Coast,AU,-28.0,153.4333,62.19,71,100,5.99,overcast clouds
339,Pisco,PE,-13.7,-76.2167,66.02,88,90,6.91,overcast clouds
340,Port Macquarie,AU,-31.4333,152.9167,56.89,81,90,14.36,overcast clouds
341,Gat,IL,31.61,34.7642,71.82,84,0,1.1,clear sky
342,Ilo,PE,-17.6394,-71.3375,65.64,87,100,5.64,overcast clouds
343,Quisqueya,DO,18.5554,-69.4081,87.69,65,14,7.92,few clouds
344,Araouane,ML,18.9048,-3.5265,97.63,18,85,1.16,overcast clouds
345,Wajir,KE,1.7471,40.0573,78.48,63,65,15.75,broken clouds
346,Kostomuksha,RU,64.571,30.5767,34.84,63,20,2.57,few clouds
347,Kalabo,ZM,-14.97,22.6814,56.21,33,0,2.71,clear sky
348,Mortara,IT,45.2473,8.7355,69.31,84,98,14.76,moderate rain
349,Lasa,IT,46.6166,10.7002,57.11,91,8,5.88,clear sky
350,Piacabucu,BR,-10.4056,-36.4344,76.19,78,62,7.83,broken clouds
351,Roma,US,43.2128,-75.4557,61.09,57,20,11.5,few clouds
352,Luganville,VU,-15.5333,167.1667,77.18,68,100,6.22,overcast clouds
353,Lumsden,CA,50.6501,-104.8678,67.17,31,100,15.08,overcast clouds
354,Jawhar,SO,2.7809,45.5005,73.98,90,96,6.73,overcast clouds
355,Saldanha,ZA,-33.0117,17.9442,51.85,84,9,6.73,clear sky
356,Hualmay,PE,-11.0964,-77.6139,66.31,84,58,8.1,broken clouds
357,Nikolskoye,RU,59.7035,30.7861,46.78,78,3,4.38,clear sky
358,Cockburn Town,TC,21.4612,-71.1419,82.36,74,40,9.22,scattered clouds
359,Atambua,ID,-9.1061,124.8925,69.04,86,42,4.25,scattered clouds
360,Avera,US,33.194,-82.5271,86.7,29,84,14.23,broken clouds
361,Tavagnacco,IT,46.1272,13.2132,59.61,81,52,5.53,broken clouds
362,Usinsk,RU,65.9939,57.5281,35.33,62,68,7.76,broken clouds
363,Cumana,VE,10.4635,-64.1775,86.09,79,12,12.71,few clouds
364,Margate,GB,51.3813,1.3862,53.31,80,1,1.99,clear sky
365,Sebinkarahisar,TR,40.2883,38.4236,51.49,78,11,3.42,few clouds
366,Bloomfield,US,40.8068,-74.1854,51.78,86,90,5.01,overcast clouds
367,West Wendover,US,40.7391,-114.0733,74.41,8,1,6.91,clear sky
368,Furano,JP,43.2818,142.4743,49.69,99,100,2.44,overcast clouds
369,Petatlan,MX,17.5167,-101.2667,90.82,51,81,7.18,broken clouds
370,Nome,US,64.5011,-165.4064,53.67,26,1,16.11,clear sky
371,Hovd,MN,48.0056,91.6419,45.82,54,40,9.15,scattered clouds
372,Macapa,BR,0.0389,-51.0664,84.18,79,40,4.61,scattered clouds
373,Half Moon Bay,US,37.4636,-122.4286,78.49,75,75,10.36,broken clouds
374,Lincoln,US,40.8,-96.667,67.66,60,1,1.99,clear sky
375,Tabou,CI,4.423,-7.3528,80.67,84,85,8.61,light rain
376,Batemans Bay,AU,-35.7167,150.1833,51.91,73,51,6.69,broken clouds
377,Big Spring,US,32.2504,-101.4787,85.28,59,40,8.01,scattered clouds
378,Ulladulla,AU,-35.35,150.4667,53.1,67,88,11.61,overcast clouds
379,Idah,NG,7.1065,6.7342,77.81,90,95,2.19,overcast clouds
380,Mongar,BT,27.2747,91.2396,60.42,96,82,3.62,broken clouds
381,Nuuk,GL,64.1835,-51.7216,43.41,75,1,16.11,clear sky
382,Mazagao,BR,-0.115,-51.2894,84.25,91,12,3.89,few clouds
383,Zakharovo,RU,54.366,39.2792,57.67,94,100,17.0,overcast clouds
384,Dourdan,FR,48.5277,2.0111,63.45,72,79,8.32,broken clouds
385,Saint-Francois,FR,46.4154,3.9054,59.68,63,0,3.44,clear sky
386,Gushikawa,JP,26.3544,127.8686,69.39,88,75,18.48,light rain
387,Mmathubudukwane,BW,-24.6,26.4333,49.06,27,54,6.22,broken clouds
388,Tam Ky,VN,15.5667,108.4833,82.38,82,88,4.99,overcast clouds
389,Sayyan,YE,15.1718,44.3244,65.57,30,97,1.3,overcast clouds
390,Matara,LK,5.9485,80.5353,78.96,86,76,14.29,broken clouds
391,Komsomolskiy,UZ,40.4272,71.7189,77.72,27,64,4.61,broken clouds
392,Caldas Novas,BR,-17.7417,-48.625,78.31,41,94,2.1,overcast clouds
393,Xining,CN,36.6167,101.7667,50.77,63,71,2.62,broken clouds
394,Choix,MX,26.7092,-108.3219,101.82,11,7,11.1,clear sky
395,Lebork,PL,54.5392,17.7501,49.75,94,7,4.72,clear sky
396,Cowansville,CA,45.2001,-72.7491,65.39,33,20,11.68,few clouds
397,Shubarkuduk,KZ,49.1447,56.4872,68.65,57,0,9.22,clear sky
398,Pasighat,IN,28.0667,95.3333,74.25,97,100,6.44,overcast clouds
399,Agirish,RU,61.9247,63.0231,53.19,96,79,6.64,broken clouds
400,Sunel,IN,24.3667,75.9667,91.47,36,97,15.55,overcast clouds
401,Mende,FR,44.6667,3.5,48.72,98,100,4.16,overcast clouds
402,Torbat-E Jam,IR,35.244,60.6225,80.42,17,0,5.88,clear sky
403,Umm Lajj,SA,25.0213,37.2685,84.33,64,100,17.34,overcast clouds
404,Bud,US,39.447,-86.1758,64.22,58,79,11.9,broken clouds
405,Asia,PH,9.5506,122.5164,80.6,82,90,1.68,overcast clouds
406,Port-Cartier,CA,50.0334,-66.8654,52.93,49,10,7.38,clear sky
407,Port Shepstone,ZA,-30.7414,30.455,63.12,76,9,7.87,clear sky
408,San Cristobal,VE,7.7669,-72.225,73.58,78,79,1.66,broken clouds
409,Ketchikan,US,55.3422,-131.6461,53.58,60,100,6.33,overcast clouds
410,Capao Bonito,BR,-24.0058,-48.3494,68.88,66,21,3.04,few clouds
411,Port Augusta,AU,-32.5,137.7667,43.7,59,0,2.55,clear sky
412,Tigil,RU,57.8,158.6667,45.59,61,90,5.57,overcast clouds
413,Leo,BF,11.1,-2.1,87.39,42,56,4.03,broken clouds
414,Korla,CN,41.7597,86.1469,72.61,39,83,21.0,broken clouds
415,Siuna,NI,13.7332,-84.7773,93.11,37,22,8.7,few clouds
416,Vilhena,BR,-12.7406,-60.1458,86.22,45,20,5.75,few clouds
417,Dakar,SN,14.6937,-17.4441,72.48,88,40,18.41,scattered clouds
418,Santa Rita,BR,-7.1139,-34.9781,79.47,78,0,4.61,clear sky
419,Richards Bay,ZA,-28.783,32.0377,63.7,86,10,4.79,clear sky
420,Altay,CN,47.8667,88.1167,53.98,48,0,4.21,clear sky
421,Loukhi,RU,66.0764,33.0381,34.34,66,4,5.59,clear sky
422,Nezhinka,RU,51.7676,55.3694,64.56,42,40,6.71,scattered clouds
423,Zima,RU,53.9202,102.0442,37.27,84,100,7.94,overcast clouds
424,Najran,SA,17.4924,44.1277,79.45,18,18,4.05,few clouds
425,Kamaishi,JP,39.2667,141.8833,60.73,68,23,5.55,few clouds
426,Namatanai,PG,-3.6667,152.4333,81.09,80,97,6.49,light rain
427,Saint-Georges,GD,12.0564,-61.7485,83.88,74,20,18.41,few clouds
428,Zheleznodorozhnyy,RU,55.7503,38.0042,52.36,87,100,14.58,light rain
429,Kon Tum,VN,14.35,108.0,71.8,96,96,0.29,overcast clouds
430,Den Helder,NL,52.9599,4.7593,51.03,88,41,6.91,scattered clouds
431,Juneau,US,58.3019,-134.4197,51.85,86,90,3.0,overcast clouds
432,Bairiki,KI,1.3292,172.9752,86.0,74,75,14.45,broken clouds
433,Burriana,ES,39.889,-0.085,71.71,50,16,3.42,few clouds
434,Cabo San Lucas,MX,22.8909,-109.9124,102.51,23,20,11.5,few clouds
435,Scalea,IT,39.813,15.7956,62.35,72,45,2.86,scattered clouds
436,Russellville,US,35.2784,-93.1338,72.07,52,75,8.05,broken clouds
437,Concepcion,CL,-36.827,-73.0498,57.0,62,40,9.22,scattered clouds
438,Ulaangom,MN,49.9811,92.0667,46.62,40,79,3.38,broken clouds
439,Amaraji,BR,-8.3831,-35.4525,74.05,87,15,4.36,few clouds
440,Pedro Ii,BR,-4.4247,-41.4586,75.99,64,92,2.95,overcast clouds
441,Conceicao Do Araguaia,BR,-8.2578,-49.2647,87.93,51,0,1.45,clear sky
442,Nanchong,CN,30.7951,106.0847,68.94,81,100,1.36,overcast clouds
443,Broken Hill,AU,-31.95,141.4333,35.31,80,21,5.75,few clouds
444,Bathsheba,BB,13.2167,-59.5167,84.81,58,40,15.82,scattered clouds
445,Whitehorse,CA,60.7161,-135.0538,55.02,43,90,18.99,overcast clouds
446,Along,IN,28.1667,94.7667,72.61,98,94,1.25,overcast clouds
447,Itarema,BR,-2.9248,-39.9167,79.93,80,89,12.86,overcast clouds
448,Owando,CG,-0.4819,15.8999,77.09,74,90,2.33,overcast clouds
449,Webuye,KE,0.6075,34.7697,65.61,91,79,5.08,broken clouds
450,Havre,FR,49.5833,0.3333,61.23,72,0,10.74,clear sky
451,Road Town,VG,18.4167,-64.6167,84.29,74,40,10.36,scattered clouds
452,Fort Nelson,CA,58.8053,-122.7002,65.79,27,75,6.91,broken clouds
453,Tucurui,BR,-3.7661,-49.6725,79.88,70,55,3.91,broken clouds
454,Pescara,IT,42.3333,13.95,67.71,68,100,3.89,overcast clouds
455,Grenada,ES,37.1882,-3.6067,72.48,60,20,1.01,few clouds
456,Shaunavon,CA,49.6501,-108.4181,56.98,32,100,17.36,overcast clouds
457,Martin,US,27.0837,-80.4164,88.99,56,8,1.99,clear sky
458,Zyryanka,RU,65.75,150.85,54.1,44,0,23.09,clear sky
459,Evensk,RU,61.95,159.2333,43.41,70,100,2.21,overcast clouds
460,Northam,GB,51.0333,-4.2167,60.3,74,31,5.93,scattered clouds
461,Gao,ML,16.6362,1.637,92.12,6,17,10.58,few clouds
462,Genhe,CN,50.7833,121.5167,45.57,86,87,2.42,overcast clouds
463,Morehead,US,37.2711,-87.1764,57.83,79,90,1.01,overcast clouds
464,Lyantonde,UG,-0.4031,31.1572,64.06,87,32,3.69,scattered clouds
465,Manono,CD,-7.3,27.4167,66.51,42,63,3.67,broken clouds
466,Deputatskiy,RU,69.3,139.9,47.95,47,27,19.64,scattered clouds
467,Beloha,MG,-25.1667,45.05,63.75,80,0,5.35,clear sky
468,Murray Bridge,AU,-35.1167,139.2667,49.46,75,0,6.69,clear sky
469,Batagay-Alyta,RU,67.8006,130.4114,43.18,58,25,15.86,scattered clouds
470,Orguz,BA,43.7739,16.8639,57.99,82,97,8.32,overcast clouds
471,Zhigansk,RU,66.7697,123.3711,52.47,45,1,7.87,clear sky
472,Srednekolymsk,RU,67.45,153.6833,56.43,36,14,13.91,few clouds
473,Chara,RU,56.9064,118.2631,50.81,66,68,1.83,broken clouds
474,Dunda,TZ,-8.1167,34.25,58.1,86,34,2.89,scattered clouds
475,Grimma,DE,51.2333,12.7167,51.3,94,59,5.06,broken clouds
476,Maputo,MZ,-25.9653,32.5892,66.22,83,0,3.44,clear sky
477,Sorong,ID,-0.8833,131.25,80.02,87,100,14.09,light rain
478,Pontal Do Parana,BR,-25.6533,-48.5128,82.06,93,19,8.84,few clouds
479,Bida,NG,9.0833,6.0167,79.61,71,85,7.9,overcast clouds
480,Yerbogachen,RU,61.2767,108.0108,40.6,73,68,7.74,broken clouds
481,Ipixuna,BR,-1.7625,-48.8043,84.15,82,99,2.93,overcast clouds
482,Bambari,CF,5.768,20.6757,73.04,83,100,1.92,light rain
483,Ciudad Bolivar,VE,8.1222,-63.5497,85.33,58,87,11.21,overcast clouds
484,Sao Luiz Gonzaga,BR,-28.4083,-54.9608,55.36,75,0,5.28,clear sky
485,Wanning,CN,18.8003,110.3967,81.0,90,100,9.51,overcast clouds
486,Bairnsdale,AU,-37.8333,147.6167,34.7,76,0,2.95,clear sky
487,Poplar Bluff,US,36.757,-90.3929,60.39,70,90,1.99,overcast clouds
488,Flinders,AU,-34.5833,150.8552,54.37,69,94,5.01,overcast clouds
489,Hammerfest,NO,70.6634,23.6821,41.45,87,90,26.46,overcast clouds
490,Rio Grande,BR,-32.035,-52.0986,54.95,61,5,19.53,clear sky
491,Marzuq,YE,14.4,46.4667,80.73,39,4,3.44,clear sky
492,Nabire,ID,-3.3667,135.4833,77.47,92,100,2.84,overcast clouds
493,Gazli,UZ,40.1333,63.45,87.06,19,0,8.86,clear sky
494,Corinto,GR,37.9407,22.9573,72.75,81,7,2.19,clear sky
495,Ewa Beach,US,21.3156,-158.0072,83.57,57,1,11.99,clear sky
496,Iqaluit,CA,63.7506,-68.5145,29.93,74,90,17.27,overcast clouds
497,Caravelas,BR,-17.7125,-39.2481,75.36,85,65,6.67,broken clouds
498,Vostok,RU,46.4856,135.8833,44.44,86,100,2.21,moderate rain
499,Pinheiro Machado,BR,-31.5783,-53.3811,48.78,79,2,9.42,clear sky
500,Ocos,GT,14.5094,-92.1933,91.9,69,81,9.64,broken clouds
501,Esna,EG,25.2934,32.554,87.08,24,96,11.63,overcast clouds
502,Santa Maria Del Oro,MX,25.9333,-105.3667,93.09,11,55,8.03,broken clouds
503,Charlestown,AU,-32.95,151.6667,54.73,79,96,3.0,overcast clouds
504,Dipalpur,PK,30.6709,73.6529,91.9,30,7,7.56,clear sky
505,Payo,ID,-3.7508,103.6372,71.56,98,99,2.04,overcast clouds
506,Moose Factory,CA,51.2585,-80.6094,62.6,42,1,13.8,clear sky
507,Khanpur,PK,28.6453,70.6567,96.64,35,0,16.08,clear sky
508,Baruun-Urt,MN,46.6806,113.2792,46.83,75,48,7.58,scattered clouds
509,Freeport,US,40.6576,-73.5832,51.78,89,90,4.0,light rain
510,Olfen,DE,51.7,7.4,54.54,83,16,3.47,few clouds
511,High Rock,BS,26.6208,-78.2833,84.22,68,0,10.74,clear sky
512,Faya,SA,18.3851,42.4509,69.91,38,100,0.83,overcast clouds
513,Bardiyah,LY,31.7561,25.0865,71.67,64,21,10.27,few clouds
514,Aleksandrovka,UA,46.8383,32.7612,59.34,80,1,12.37,clear sky
515,Iraray,PH,8.9936,118.0511,78.84,85,100,4.23,overcast clouds
516,Micheweni,TZ,-4.9667,39.8333,75.36,85,28,8.37,light rain
517,Bambanglipuro,ID,-7.95,110.2833,59.61,89,100,3.94,overcast clouds
518,Trapani,IT,37.8333,12.6667,69.93,100,0,3.2,clear sky
519,Iquique,CL,-20.2208,-70.1431,64.44,83,76,5.77,broken clouds
520,Okha,RU,53.5739,142.9478,36.77,90,100,14.54,overcast clouds
521,Quatre Cocos,MU,-20.2078,57.7625,74.08,83,51,6.31,light rain
522,Eyl,SO,7.9803,49.8164,79.2,79,51,18.86,broken clouds
523,Sao Miguel,BR,-5.4667,-35.3667,79.57,79,2,14.03,clear sky
524,Matehuala,MX,23.65,-100.65,87.48,29,51,11.83,broken clouds
525,Rabo De Peixe,PT,37.8,-25.5833,63.91,82,75,7.72,broken clouds
526,Fulton,US,33.7668,-84.4499,75.38,53,75,1.01,broken clouds
527,Bermeo,ES,43.4209,-2.7215,63.41,89,100,6.15,overcast clouds
528,Lahaina,US,20.8783,-156.6825,83.95,72,13,6.26,few clouds
529,Vertientes,CU,21.2594,-78.1464,74.01,67,82,3.74,moderate rain
530,Chateau-Gontier,FR,47.8333,-0.7,64.62,74,85,7.0,overcast clouds
531,Yumen,CN,40.2833,97.2,63.39,39,3,2.28,clear sky
532,Puerto Carreno,CO,6.189,-67.4859,83.48,74,91,2.84,overcast clouds
533,Nhulunbuy,AU,-12.2333,136.7667,75.81,78,40,9.22,scattered clouds
534,Ballina,AU,-28.8667,153.5667,55.36,76,75,13.8,broken clouds
535,Manali,IN,13.1667,80.2667,87.08,80,68,13.15,broken clouds
536,Olavarria,AR,-36.8927,-60.3225,41.31,73,9,7.52,clear sky
537,Rawson,AR,-43.3002,-65.1023,45.03,41,8,11.56,clear sky
538,Arroyo,ES,41.6096,-4.7969,63.14,82,0,8.93,clear sky
539,Taber,CA,49.8167,-112.1518,67.05,30,91,3.44,overcast clouds
540,Baghdad,IQ,33.3406,44.4009,82.31,24,0,7.4,clear sky
541,Kyshtovka,RU,56.555,76.6271,54.14,87,70,6.89,broken clouds
542,Vigia Del Fuerte,CO,6.5789,-76.8863,78.78,92,88,1.9,overcast clouds
543,Newport,GB,51.5877,-2.9984,60.91,80,44,7.76,scattered clouds
544,Borovskoy,KZ,53.8,64.15,61.54,33,76,8.16,broken clouds
545,Gubkinskiy,RU,64.434,76.5026,50.99,60,100,23.8,overcast clouds
546,Saint-Pierre,RE,-21.3393,55.4781,69.44,66,0,6.91,clear sky
547,Bull Savanna,JM,17.8868,-77.5902,79.66,73,24,8.37,light rain
548,Gagnoa,CI,6.1293,-5.9437,74.52,97,65,3.87,broken clouds
549,Westport,US,41.1415,-73.3579,51.35,89,100,1.01,overcast clouds
550,Panjakent,TJ,39.4952,67.6093,73.2,42,0,8.68,clear sky
551,Khasan,RU,42.4308,130.6434,53.98,80,81,4.29,broken clouds
552,Sechura,PE,-5.5569,-80.8222,75.42,66,63,15.41,broken clouds
553,Solwezi,ZM,-12.1688,26.3894,51.62,59,2,2.51,clear sky
554,Chimoio,MZ,-19.1164,33.4833,62.46,55,0,2.39,clear sky
555,The Valley,AI,18.217,-63.0578,84.06,69,40,14.97,scattered clouds
556,Chicama,PE,-7.8447,-79.1469,64.94,82,66,8.61,broken clouds
557,Plettenberg Bay,ZA,-34.0527,23.3716,57.36,85,70,11.36,light rain
558,Kargat,RU,55.1956,80.2811,55.13,55,94,5.57,overcast clouds
559,Gwadar,PK,25.1216,62.3254,83.89,82,14,10.63,few clouds
560,Touros,BR,-5.1989,-35.4608,79.7,79,7,13.8,clear sky
561,Portland,US,45.5234,-122.6762,81.55,39,20,5.01,few clouds
562,Keita,NE,14.7551,5.7749,95.0,14,42,3.42,scattered clouds
563,Rabak,SD,13.1809,32.74,94.3,25,0,7.31,clear sky
564,Santa Luzia,BR,-19.7697,-43.8514,79.7,52,0,3.76,clear sky
565,Quesnel,CA,52.9999,-122.5029,63.1,34,1,3.44,clear sky
566,Panacan,PH,9.2463,118.4082,80.71,84,100,3.18,overcast clouds
567,Skorodnoye,RU,51.071,37.2276,64.29,93,100,5.06,overcast clouds
568,Victoria Point,AU,-27.5833,153.3,63.09,80,100,1.01,overcast clouds
569,Oregon City,US,45.3573,-122.6068,82.58,41,1,1.01,clear sky
570,Chornyanka,UA,46.6522,33.359,62.91,86,18,11.56,few clouds
571,Vicksburg,US,32.3526,-90.8779,79.81,51,1,10.2,clear sky
572,Marondera,ZW,-18.1853,31.5519,49.51,35,0,3.69,clear sky
573,Mount Isa,AU,-20.7333,139.5,46.17,53,0,5.75,clear sky
574,Buchanan,LR,5.8808,-10.0467,78.76,84,99,7.49,overcast clouds
575,Geraldton,AU,-28.7667,114.6,63.01,72,40,16.22,scattered clouds
576,Cochrane,CA,51.1834,-114.4687,66.38,27,75,9.51,broken clouds
577,Gonen,TR,40.1049,27.654,59.67,88,2,0.65,clear sky
578,Muli,MV,2.9167,73.5667,83.88,71,98,20.92,overcast clouds
579,Vaijapur,IN,19.9167,74.7333,74.05,64,100,1.41,overcast clouds
580,Tilichiki,RU,60.4667,166.1,41.65,75,100,5.84,overcast clouds
581,Brodokalmak,RU,55.5748,62.082,61.7,46,17,8.84,few clouds
582,Beyla,GN,8.6833,-8.6333,70.95,91,68,3.33,light rain
583,Verkhnyaya Inta,RU,65.9811,60.3094,38.66,71,100,1.3,overcast clouds
584,Kenmare,IE,51.8833,-9.5833,49.5,92,39,1.66,scattered clouds
585,Lashio,MM,22.9333,97.75,71.64,78,88,0.69,overcast clouds
586,Sakaiminato,JP,35.55,133.2333,57.18,88,75,2.3,broken clouds
587,Asau,RO,46.4333,26.4,54.52,99,96,2.37,light rain
588,Lompoc,US,34.6391,-120.4579,71.02,69,90,18.41,overcast clouds
589,Krasnovishersk,RU,60.4078,57.082,52.18,99,80,1.77,broken clouds
590,Yaan,NG,7.3833,8.5667,80.82,72,58,6.91,broken clouds
591,Rio Cuarto,AR,-33.1307,-64.3499,55.17,35,0,4.61,clear sky
592,Hay River,CA,60.8156,-115.7999,55.38,47,75,4.61,broken clouds
593,Lakatoro,VU,-16.0999,167.4164,74.39,66,89,5.84,overcast clouds
594,Naryan-Mar,RU,67.6713,53.087,31.84,82,89,12.75,overcast clouds
595,Mandalgovi,MN,45.7625,106.2708,45.41,56,25,10.31,scattered clouds
596,Opuwo,NA,-18.0607,13.84,61.75,29,1,5.75,clear sky
597,Bouafle,CI,6.9904,-5.7442,84.22,93,54,3.44,broken clouds
598,Biak,ID,-0.9131,122.8766,75.83,86,80,5.91,broken clouds
599,Tiffin,US,41.1145,-83.178,62.62,43,98,17.16,overcast clouds
600,Nehe,CN,48.4833,124.8333,54.55,75,63,5.06,broken clouds
601,Inuvik,CA,68.3499,-133.7218,33.84,72,90,5.75,overcast clouds
602,Rawlins,US,41.7911,-107.2387,72.03,9,1,14.97,clear sky
603,Ito,JP,34.9667,139.0833,70.74,80,90,3.71,overcast clouds
604,Cosala,MX,24.4125,-106.6908,84.11,23,14,9.46,few clouds
605,Fallon,US,39.4735,-118.7774,83.98,10,75,8.05,broken clouds
606,Khorramshahr,IR,30.4397,48.1664,87.76,23,0,0.0,clear sky
607,Auki,SB,-8.7676,160.7034,79.03,84,100,1.52,light rain
608,Viru,PE,-8.4167,-78.75,65.5,80,62,6.22,broken clouds
609,Mersing,MY,2.4312,103.8405,76.91,94,99,4.61,overcast clouds
610,Linqiong,CN,30.4159,103.4609,67.82,84,100,2.35,light rain
611,Vila,PT,42.0304,-8.1588,56.34,89,78,3.44,broken clouds
612,Viedma,AR,-40.8135,-62.9967,47.25,44,12,14.99,few clouds
613,Allanton,GB,55.7833,-2.2167,56.44,75,7,4.38,clear sky
614,Elesbao Veloso,BR,-6.2019,-42.1403,81.39,40,14,3.67,few clouds
615,Rovaniemi,FI,66.5,25.7167,44.01,65,0,9.22,clear sky
616,Gambela,ET,8.25,34.5833,72.77,81,12,3.94,few clouds
617,Kaeo,NZ,-35.1,173.7833,53.33,98,86,8.16,overcast clouds
618,Huarmey,PE,-10.0681,-78.1522,67.23,84,55,7.81,broken clouds
619,Homer,US,59.6425,-151.5483,50.07,87,90,0.0,light rain
620,Marshalltown,US,42.0494,-92.908,65.08,50,13,9.06,few clouds
621,Matagami,CA,49.7502,-77.6328,59.11,18,1,3.11,clear sky
622,Xambioa,BR,-6.4111,-48.5364,79.21,73,64,2.82,broken clouds
623,Yairipok,IN,24.6667,94.0667,70.23,86,63,1.59,broken clouds
624,Yasothon,TH,15.75,104.1333,79.92,82,95,6.49,overcast clouds
625,Salinopolis,BR,-0.6136,-47.3561,78.28,87,28,8.55,scattered clouds
626,Kharp,RU,66.8014,65.8081,35.8,77,18,5.93,few clouds
627,Poum,NC,-20.2333,164.0167,71.47,58,68,17.52,broken clouds
628,Malatya,TR,38.5,38.0,60.85,42,0,5.21,clear sky
629,La Libertad,EC,-2.2333,-80.9,73.06,83,90,10.2,overcast clouds
630,Waw,SS,7.7029,27.9953,80.58,55,20,5.06,few clouds
631,Rincon,US,32.296,-81.2354,89.56,49,75,1.01,broken clouds
632,Krasnaya Gorka,RU,55.1962,56.6673,59.74,66,63,3.56,light rain
633,Gboko,NG,7.3179,8.9951,80.92,73,36,10.2,scattered clouds
634,Smoky Lake,CA,54.1169,-112.4686,68.49,30,51,11.41,broken clouds
635,Joshimath,IN,30.5667,79.5667,65.97,86,98,2.42,overcast clouds
636,Mandali,IQ,33.7499,45.5541,89.83,12,0,10.11,clear sky
637,Dhamtari,IN,20.7072,81.5497,89.22,31,98,4.83,overcast clouds
638,Lamar,US,33.6668,-95.5836,80.26,61,40,5.64,scattered clouds
639,Vilcun,CL,-38.65,-72.2333,47.14,82,96,2.24,overcast clouds
640,Yerky,UA,48.9906,30.9882,52.48,95,42,7.9,scattered clouds
641,Letterkenny,IE,54.95,-7.7333,50.72,95,18,2.35,few clouds
642,Gambiran,ID,-6.7988,111.4951,74.8,91,100,2.39,overcast clouds
643,Buraydah,SA,26.326,43.975,90.05,12,20,7.38,few clouds
644,Mirskoy,RU,45.5439,40.3998,59.54,93,100,10.67,moderate rain
645,West Bay,KY,19.3667,-81.4167,86.07,73,20,1.99,few clouds
646,Tieling,CN,42.2931,123.8414,58.41,64,85,7.2,overcast clouds
647,Nago,JP,26.5881,127.9761,70.23,92,100,13.87,light rain
648,San Carlos De Bariloche,AR,-41.1456,-71.3082,40.75,70,40,9.93,scattered clouds
649,Ozinki,RU,51.1786,49.6769,62.15,84,71,5.97,broken clouds
650,Nipawin,CA,53.3668,-104.0009,66.24,30,20,23.02,few clouds
651,Gazojak,TM,41.1875,61.4036,87.71,17,0,10.76,clear sky
652,Barrhead,GB,55.7992,-4.3929,56.84,84,16,1.01,few clouds
653,Rockland,US,41.1668,-74.0496,50.25,87,100,1.01,overcast clouds
654,Bhandaria,BD,22.4861,90.0609,81.16,85,10,5.91,clear sky
655,Santa Maria,BR,-29.6842,-53.8069,60.1,67,0,4.32,clear sky
656,Balezino,RU,57.9796,53.0106,57.07,96,100,0.76,overcast clouds
657,Parfino,RU,57.9731,31.6481,41.58,68,4,7.56,clear sky
658,Egvekinot,RU,66.3167,-179.1667,39.54,47,66,4.14,broken clouds
659,Brokopondo,SR,4.75,-55.1667,77.76,89,95,8.5,overcast clouds
660,Sibolga,ID,1.7427,98.7792,76.32,89,74,3.42,broken clouds
661,Canico,PT,32.6333,-16.85,69.71,84,40,13.89,scattered clouds
662,Nanakuli,US,21.3906,-158.1547,83.57,56,1,5.41,clear sky
663,Valparaiso,CL,-33.0393,-71.6273,65.32,63,0,13.8,clear sky
664,Takoradi,GH,4.8845,-1.7554,80.76,84,86,7.85,overcast clouds
665,Bouca,CF,6.5105,18.2733,72.9,91,100,4.81,overcast clouds
666,Rio De Janeiro,BR,-22.9028,-43.2075,80.91,83,40,13.8,scattered clouds
667,Ashta,IN,23.0167,76.7167,87.8,43,86,9.93,overcast clouds
668,Jalalabad,AF,34.4265,70.4515,84.02,26,20,3.67,few clouds
669,Mao,ES,39.8885,4.2658,64.96,88,0,4.61,clear sky
670,Bilibino,RU,68.0546,166.4372,50.61,43,94,2.19,overcast clouds
671,Havre-Saint-Pierre,CA,50.2334,-63.5986,50.36,57,1,17.27,clear sky
672,Aksu,CN,41.1231,80.2644,72.64,30,13,0.49,few clouds
673,Sinazongwe,ZM,-17.2614,27.4618,63.1,38,0,2.1,clear sky
674,Marshall,US,34.3834,-86.3333,67.96,70,75,5.99,broken clouds
675,Garanhuns,BR,-8.8903,-36.4928,61.03,94,47,4.81,scattered clouds
676,Axim,GH,4.8699,-2.2405,80.13,85,74,8.05,broken clouds
677,Tungor,RU,53.3808,142.9564,37.47,89,100,14.07,overcast clouds
678,Quang Ngai,VN,15.1167,108.8,78.48,81,68,4.52,broken clouds
679,Praia Da Vitoria,PT,38.7333,-27.0667,65.75,88,75,9.06,broken clouds
680,Abu Zabad,SD,12.35,29.25,89.15,33,1,8.63,clear sky
681,Pacific Grove,US,36.6177,-121.9166,79.07,82,90,3.0,overcast clouds
682,Saint-Gaudens,FR,43.0833,0.6667,65.93,97,50,3.18,scattered clouds
683,Padang,ID,-0.9492,100.3543,77.25,77,100,3.78,overcast clouds
684,Chiredzi,ZW,-21.05,31.6667,61.05,33,0,2.37,clear sky
685,Podor,MR,16.6527,-14.9587,91.35,35,0,4.61,clear sky
686,Grand-Santi,GF,4.25,-54.3833,74.53,98,95,2.75,light rain
687,Baiyin,CN,36.5583,104.2081,56.28,28,54,5.01,broken clouds
688,Thinadhoo,MV,0.5333,72.9333,83.53,73,58,19.86,broken clouds
689,San Juan Del Cesar,CO,10.7711,-73.0031,88.36,50,96,4.29,overcast clouds
690,Trinidad,BO,-14.8333,-64.9,87.78,62,75,2.3,broken clouds
691,Puerto El Triunfo,SV,13.2833,-88.55,94.12,68,87,10.25,overcast clouds
692,Tambovka,RU,50.0969,128.0489,44.71,85,95,6.73,overcast clouds
693,Gorontalo,ID,0.5412,123.0595,75.16,93,97,1.39,overcast clouds
694,San Policarpo,PH,12.1791,125.5072,79.39,89,86,4.61,overcast clouds
695,Bonfim,BR,3.0833,-59.95,79.16,84,79,7.67,broken clouds
696,Isfana,KG,39.8386,69.5306,68.56,42,8,7.4,clear sky
697,Hermiston,US,45.8404,-119.2895,79.45,21,1,6.91,clear sky
698,Miyako,JP,39.6367,141.9525,60.89,66,52,5.73,broken clouds
699,Chipinge,ZW,-20.1883,32.6236,56.3,33,0,3.56,clear sky
700,Tumut,AU,-35.3,148.2167,27.59,65,0,2.39,clear sky
701,Tezu,IN,27.9167,96.1667,75.38,76,98,2.68,overcast clouds
702,Dzerzhinskoye,RU,56.8344,95.2283,32.47,76,67,4.18,broken clouds
703,Pimentel,PE,-6.8367,-79.9342,70.09,82,90,4.0,overcast clouds
704,Tacna,PE,-18.0056,-70.2483,59.9,77,100,4.07,overcast clouds
705,Boromo,BF,11.75,-2.9333,92.73,32,89,5.28,overcast clouds
706,Svetlogorsk,BY,52.6333,29.7333,52.12,94,100,8.59,overcast clouds
707,Smithers,CA,54.7804,-127.1743,61.12,36,75,6.91,broken clouds
708,Fastovetskaya,RU,45.9189,40.1589,60.33,93,100,12.77,light rain
709,Sao Joao Da Barra,BR,-21.6403,-41.0511,80.69,85,31,11.74,scattered clouds
710,Amapa,BR,1.0,-52.0,73.31,98,35,2.93,scattered clouds
711,Hurghada,EG,27.2574,33.8129,86.04,19,0,6.91,clear sky
712,Riberalta,BO,-10.9833,-66.1,89.8,55,20,1.77,few clouds
713,Lodja,CD,-3.4833,23.4333,73.74,59,83,1.39,broken clouds
